group,name,sel,mock,err,libfracsurvive,grouplabel,antibody
H17L19-1ug-ml,replicate-1a,L1-H17L19-1ug-ml-r1,L1-mock-r1-A,WTplasmid,0.0074,narrow anti-head antibody: H17L19 (1 $\mu$g/ml),H17L19
H17L19-1ug-ml,replicate-1b,L1-H17L19-1ug-ml-r2,L1-mock-r2-A,WTplasmid,0.00646,narrow anti-head antibody: H17L19 (1 $\mu$g/ml),H17L19
H17L19-1ug-ml,replicate-2,L2-H17L19-1ug-ml,L2-mock-A,WTplasmid,0.01849,narrow anti-head antibody: H17L19 (1 $\mu$g/ml),H17L19
H17L19-1ug-ml,replicate-3,L3-H17L19-1ug-ml,L3-mock-A,WTplasmid,0.018090000000000002,narrow anti-head antibody: H17L19 (1 $\mu$g/ml),H17L19
H17L19-10ug-ml,replicate-1a,L1-H17L19-10ug-ml-r1,L1-mock-r1-A,WTplasmid,0.00295,narrow anti-head antibody: H17L19 (10 $\mu$g/ml),H17L19
H17L19-10ug-ml,replicate-1b,L1-H17L19-10ug-ml-r2,L1-mock-r2-A,WTplasmid,0.00231,narrow anti-head antibody: H17L19 (10 $\mu$g/ml),H17L19
H17L19-10ug-ml,replicate-2,L2-H17L19-10ug-ml,L2-mock-A,WTplasmid,0.004370000000000001,narrow anti-head antibody: H17L19 (10 $\mu$g/ml),H17L19
H17L19-10ug-ml,replicate-3,L3-H17L19-10ug-ml,L3-mock-A,WTplasmid,0.00434,narrow anti-head antibody: H17L19 (10 $\mu$g/ml),H17L19
H17L10-3ug-ml,replicate-1,L1-H17L10-3ug-ml,L1-mock-r1-A,WTplasmid,0.0018899999999999998,narrow anti-head antibody: H17L10 (3 $\mu$g/ml),H17L10
H17L10-3ug-ml,replicate-2,L2-H17L10-3ug-ml,L2-mock-A,WTplasmid,0.0016899999999999999,narrow anti-head antibody: H17L10 (3 $\mu$g/ml),H17L10
H17L10-3ug-ml,replicate-3,L3-H17L10-3ug-ml,L3-mock-A,WTplasmid,0.00149,narrow anti-head antibody: H17L10 (3 $\mu$g/ml),H17L10
H17L7-15ug-ml,replicate-1,L1-H17L7-15ug-ml,L1-mock-r1-A,WTplasmid,0.00151,narrow anti-head antibody: H17L7 (15 $\mu$g/ml),H17L7
H17L7-15ug-ml,replicate-2,L2-H17L7-15ug-ml,L2-mock-A,WTplasmid,0.00119,narrow anti-head antibody: H17L7 (15 $\mu$g/ml),H17L7
H17L7-15ug-ml,replicate-3,L3-H17L7-15ug-ml,L3-mock-A,WTplasmid,0.00124,narrow anti-head antibody: H17L7 (15 $\mu$g/ml),H17L7
FI6v3-100ng-ml,replicate-1a,L1-FI6v3-100ng-ml-r1,L1-mock-r1-A,WTplasmid,0.01662,broad anti-stalk antibody: FI6v3 (100 ng/ml),FI6v3
FI6v3-100ng-ml,replicate-1b,L1-FI6v3-100ng-ml-r2,L1-mock-r2-A,WTplasmid,0.0139,broad anti-stalk antibody: FI6v3 (100 ng/ml),FI6v3
FI6v3-100ng-ml,replicate-2,L2-FI6v3-100ng-ml,L2-mock-A,WTplasmid,0.023219999999999998,broad anti-stalk antibody: FI6v3 (100 ng/ml),FI6v3
FI6v3-100ng-ml,replicate-3,L3-FI6v3-100ng-ml,L3-mock-A,WTplasmid,0.00903,broad anti-stalk antibody: FI6v3 (100 ng/ml),FI6v3
FI6v3-200ng-ml,replicate-1a,L1-FI6v3-200ng-ml-r1,L1-mock-r1-A,WTplasmid,0.00465,broad anti-stalk antibody: FI6v3 (200 ng/ml),FI6v3
FI6v3-200ng-ml,replicate-1b,L1-FI6v3-200ng-ml-r2,L1-mock-r2-A,WTplasmid,0.00345,broad anti-stalk antibody: FI6v3 (200 ng/ml),FI6v3
FI6v3-200ng-ml,replicate-2,L2-FI6v3-200ng-ml,L2-mock-A,WTplasmid,0.00278,broad anti-stalk antibody: FI6v3 (200 ng/ml),FI6v3
FI6v3-200ng-ml,replicate-3,L3-FI6v3-200ng-ml,L3-mock-A,WTplasmid,0.00144,broad anti-stalk antibody: FI6v3 (200 ng/ml),FI6v3
C179-1ug-ml,replicate-1a,L1-C179-1ug-ml-r1,L1-mock-r1-B,WTplasmid,0.00941,broad anti-stalk antibody: C179 (1 $\mu$g/ml),C179
C179-1ug-ml,replicate-1b,L1-C179-1ug-ml-r2,L1-mock-r1-B,WTplasmid,0.0089,broad anti-stalk antibody: C179 (1 $\mu$g/ml),C179
C179-1ug-ml,replicate-1c,L1-C179-1ug-ml-r3,L1-mock-r2-B,WTplasmid,0.0096,broad anti-stalk antibody: C179 (1 $\mu$g/ml),C179
C179-1ug-ml,replicate-2,L2-C179-1ug-ml,L2-mock-B,WTplasmid,0.00554,broad anti-stalk antibody: C179 (1 $\mu$g/ml),C179
C179-1ug-ml,replicate-3,L3-C179-1ug-ml,L3-mock-B,WTplasmid,0.00256,broad anti-stalk antibody: C179 (1 $\mu$g/ml),C179
C179-2ug-ml,replicate-1,L1-C179-2ug-ml,L1-mock-r1-B,WTplasmid,0.0045,broad anti-stalk antibody: C179 (2.5 $\mu$g/ml),C179
C179-2ug-ml,replicate-2,L2-C179-2ug-ml,L2-mock-B,WTplasmid,0.00198,broad anti-stalk antibody: C179 (2.5 $\mu$g/ml),C179
C179-2ug-ml,replicate-3,L3-C179-2ug-ml,L3-mock-B,WTplasmid,0.001,broad anti-stalk antibody: C179 (2.5 $\mu$g/ml),C179
S139-100ug-ml,replicate-1,L1-S139-100ug-ml,L1-mock-r1-B,WTplasmid,0.0249,broad anti-RBS antibody: S139/1 (100 $\mu$g/ml),S139
S139-100ug-ml,replicate-2,L2-S139-100ug-ml,L2-mock-B,WTplasmid,0.0219,broad anti-RBS antibody: S139/1 (100 $\mu$g/ml),S139
S139-100ug-ml,replicate-3,L3-S139-100ug-ml,L3-mock-B,WTplasmid,0.0518,broad anti-RBS antibody: S139/1 (100 $\mu$g/ml),S139
S139-200ug-ml,replicate-1,L1-S139-200ug-ml,L1-mock-r1-B,WTplasmid,0.0147,broad anti-RBS antibody: S139/1 (200 $\mu$g/ml),S139
S139-200ug-ml,replicate-2,L2-S139-200ug-ml,L2-mock-B,WTplasmid,0.0172,broad anti-RBS antibody: S139/1 (200 $\mu$g/ml),S139
S139-200ug-ml,replicate-3,L3-S139-200ug-ml,L3-mock-B,WTplasmid,0.0406,broad anti-RBS antibody: S139/1 (200 $\mu$g/ml),S139
S139-300ug-ml,replicate-1,L1-S139-300ug-ml,L1-mock-r1-B,WTplasmid,0.0127,broad anti-RBS antibody: S139/1 (300 $\mu$g/ml),S139
S139-300ug-ml,replicate-2,L2-S139-300ug-ml,L2-mock-B,WTplasmid,0.00854,broad anti-RBS antibody: S139/1 (300 $\mu$g/ml),S139
S139-300ug-ml,replicate-3,L3-S139-300ug-ml,L3-mock-B,WTplasmid,0.0375,broad anti-RBS antibody: S139/1 (300 $\mu$g/ml),S139
