ug_ml_FI6v3,WT_avg,WT_std,K294S_avg,K294S_std,K294T_avg,K294T_std,G390R_avg,G390R_std,N305S_avg,N305S_std,M360L_avg,M360L_std,K294A_avg,K294A_std,K2T_avg,K2T_std,P89D_avg,P89D_std,V148T_avg,V148T_std
0.0002048058906,0.9652951903,0.05172407791,1.017395113,0.03224183411,1.018340781,0.05385216743,1.183695816,0.079567788,0.9960913281,0.1438819977,0.9536774012,0.03762595179,1.157912223,0.08936847925,1.09480648,0.005993236552,1.074661051,0.06531445417,1.063553202,0.1325028867
0.0004778804115,0.9512296932,0.06263854809,0.8930825419,0.04506417401,1.10265177,0.05360099043,1.02512174,0.007528223421,1.010343416,0.113637118,1.07689334,0.1242558737,0.9823438322,0.04236330709,1.122237352,0.07331079544,1.06961493,0.04963914772,1.000975208,0.06029881311
0.001115054293,0.9478615736,0.04227432705,0.9605772823,0.0407205513,0.9809716799,0.06095672131,1.032948087,0.02368453617,0.9767655064,0.08788031362,0.9925132366,0.01971560947,1.08731341,0.07448690062,1.09619905,0.02058598366,1.045922679,0.06160132545,1.010638525,0.04039677664
0.002601793351,0.9039425891,0.08379921727,0.9950193176,0.02392829742,1.015880422,0.02108765652,1.015947598,0.03030563227,1.004191784,0.06008742884,1.064369682,0.04180807243,0.8567144056,0.04346112618,1.048109402,0.0300030791,0.9168649593,0.01423224668,1.030518451,0.07642189598
0.006070851153,0.9138284547,0.03773447431,0.9677683518,0.03270700076,0.9594609923,0.0460215383,1.076166883,0.05196304071,1.044641153,0.03582942352,0.8273366744,0.06628389604,0.7321003771,0.08031550836,0.9333927925,0.02228975042,0.8458910341,0.01493004601,0.8650895855,0.02648428273
0.01416531936,0.6151008038,0.0774053924,0.9291591652,0.01923421172,0.8252068558,0.04113475973,0.8326562122,0.03426150323,0.9542780749,0.02667249113,0.7049790418,0.05785600102,0.4114394913,0.03363874853,0.8627900169,0.05987693084,0.391781063,0.02241860861,0.7152090475,0.01364814064
0.03305241184,0.1741338922,0.009247326655,0.6058284255,0.01481631029,0.5233988632,0.03626249556,0.5716691776,0.02209263959,0.8215571786,0.04368512587,0.2505444349,0.01013291573,0.06885098007,0.002738281969,0.3910068426,0.04229983116,0.162754563,0.01316136159,0.3560210615,0.006746550999
0.07712229428,0.0148773114,0.003249720491,0.2540853562,0.03065266478,0.209128287,0.01404113296,0.07342322279,0.008315535247,0.5545422912,0.04793221291,0.04307993566,0.006758449998,-0.01406863628,0.0019640808,0.1102497847,0.01014990072,0.01331766549,0.006090212223,0.07804608447,0.003752451099
0.17995202,-0.02831297438,0.004305539293,0.04619333834,0.006802857161,0.02564398752,0.005606866628,-0.005611291727,0.006904011099,0.2063919237,0.01201206589,-0.01599686643,0.004477522691,-0.03400777697,0.00335109558,0.003580693485,0.006637702448,-0.02833098991,0.002195411946,-0.006182490051,0.008172256964
0.4198880466,-0.03608504883,0.006282733172,-0.008449711072,0.001420821842,-0.02300651254,0.005662241317,-0.01946727039,0.002098495091,0.04022775096,0.00593373167,-0.02162849873,0.002384482738,-0.03439778361,0.002362339735,-0.02390383657,0.001819359835,-0.0324296583,0.006139199668,-0.02051317913,0.003432040417
0.9797387755,-0.0371324744,0.001635532712,-0.02582523565,0.0006798584666,-0.03732421499,0.002526464467,-0.02365289268,0.002937289389,-0.01760289124,0.002322761378,-0.03112305368,0.002509638332,-0.03641431125,0.001796162979,-0.02974283459,0.0007167435528,-0.04332958703,0.004844524939,-0.02038675234,0.002358480182
2.286057143,-0.03235698271,0.003225540722,-0.02908220994,0.0008797951026,-0.03532905367,0.001847092535,-0.02417770184,0.003618845644,-0.02761122215,0.001045715501,-0.03150345507,0.001108404979,-0.03325813363,0.003718691799,-0.03338791485,0.002410530359,-0.04437905118,0.003178310129,-0.02441504349,0.002194121203