site,avgfracsurvive,maxfracsurvive
(HA2)150,0.011725094363691986,0.15771876975433577
(HA2)174,0.011038353649533034,0.10530498897627498
280,0.010081953792349007,0.096443227916165
(HA2)175,0.0100141327961766,0.11151793351329845
158,0.009231340624758602,0.08827813378492173
4,0.008955296043558564,0.1091704423422387
(HA2)214,0.008661307213733153,0.16138785253143373
(HA2)47,0.008443273280653684,0.07251674093054385
40,0.008170508272950324,0.1276857231629736
(HA2)67,0.008066650404991974,0.07543223117571901
-8,0.007847665316405445,0.06909904035041733
275,0.007599125021920193,0.10772853137576431
269,0.007510552117247779,0.07120858331887048
217,0.007299445946057705,0.11058538938108506
145,0.0072793854137916504,0.10123570200404712
125,0.007148181253818463,0.13278699067273983
156,0.0069192831937125,0.0879361181659774
315,0.0067168026607708035,0.09036281024000001
293,0.0066535680493193675,0.11257343493402344
304,0.006427710229108871,0.058556361155742156
207,0.0064267152385245165,0.06788709102236314
(HA2)213,0.006361029750544776,0.08461936165253148
274,0.006178841197348223,0.08956226679210538
162,0.006057530050097338,0.038367288883481274
264,0.005829250630917446,0.03203728297371457
159,0.005399016951105575,0.05573805535292549
(HA2)124,0.005325683723908817,0.07968476257638958
291,0.005297453437805549,0.03844555782344915
(HA2)21,0.0052034607803490346,0.093841094459461
(HA2)179,0.005057524877468781,0.05838
178,0.005043583405212215,0.08062
(HA2)46,0.005040423462874452,0.04034631652377679
(HA2)183,0.004961476557541031,0.04874151316097142
(HA2)164,0.004673795051222898,0.0690094764801691
123,0.0046645100333502195,0.06085712921127942
57,0.004611460163095671,0.03970093830310109
60,0.004492883733251696,0.03445171429852528
124,0.004437330800242797,0.03908950159943164
140,0.004430007445005148,0.04417794425768272
174,0.0043998878863249925,0.02145587023638688
(HA2)49,0.004362194503282776,0.029474303748643887
46,0.004339736936457033,0.039576429759089926
157,0.004316975411955537,0.0529950135918385
146,0.004307677389302191,0.030575438732322203
78,0.004296487640740519,0.024694031209132526
245,0.004202140001164341,0.07984066002212248
255,0.004185208270860326,0.05281999999999999
(HA2)180,0.004180429739084528,0.05294769207488849
104,0.00416090484481946,0.05003999999999999
118,0.004066796531929515,0.030574872663730285
(HA2)211,0.004031508582546376,0.04658085543778659
300,0.004016717394606098,0.043299044119547936
160,0.003996363506121887,0.054659055542986626
(HA2)25,0.0039955981400028985,0.04294798745301859
272,0.003982387011661504,0.026780467544362672
259,0.003946452522582896,0.01933880691570705
175,0.0039034153326567567,0.02422072409752014
219,0.0038699471110991424,0.019718117443140813
94,0.003865300967065269,0.030485886757316224
(HA2)169,0.003796729775762147,0.022949175932558807
286,0.003784684582063083,0.03551782520361767
135,0.0037601047458595306,0.03366928123401727
325,0.003715050800764009,0.026670678512587826
(HA2)24,0.0036744321543378737,0.06141118699368393
261,0.003628402383804855,0.021978385961075094
(HA2)156,0.003584169650359351,0.03195972969494493
227,0.003580904249468256,0.0239946976375642
(HA2)154,0.0035299147780527736,0.04566922093650891
285,0.0035243256665793846,0.027063372105714713
266,0.0034884058802875416,0.038091278821933736
(HA2)147,0.003461904474985305,0.03335999999999999
(HA2)155,0.00345498710847575,0.04059599900493681
(HA2)112,0.0034269471804307247,0.04629994310639103
165,0.003399579938413837,0.03838667611187739
(HA2)212,0.0033316741747866203,0.04786077065622718
(HA2)42,0.0033082230876342656,0.058975897176803946
198,0.003286043933856666,0.01761806781600517
(HA2)70,0.0032433733351398862,0.05671025460468532
(HA2)14,0.003201515035786056,0.05474686811721778
95,0.0031903555544525964,0.04527080364101205
56,0.0031507125899159823,0.054564077134043876
181,0.003147313634951554,0.027694153030149892
278,0.003145213864188719,0.045408506984854394
-7,0.0030745621142384497,0.04776644432678431
323,0.003046590620233314,0.028115769095113572
263A,0.002958014059036117,0.02701961789422423
45,0.002921358910284096,0.026940862895524494
(HA2)33,0.002906232276699452,0.026599871253789643
218,0.002889919549927443,0.030555979526245548
(HA2)181,0.002881281138000368,0.02126623008094235
231,0.0028665578333289324,0.029059383894975085
(HA2)10,0.0028479039391219,0.030011129872044958
199,0.002841791856299932,0.025195257150455664
132,0.0028341135491943155,0.02841914010527043
303,0.0027533373390333975,0.03821889396504903
210,0.002736724910767549,0.04091897462066636
148,0.0027100624819422804,0.042724131934216564
(HA2)208,0.002706831053789018,0.05142979002199134
142,0.002690405106113613,0.023317503427270892
(HA2)38,0.0026879857420540982,0.04757452070026856
143,0.002676500376564433,0.019720703853109058
(HA2)207,0.0026752018259017935,0.03760128908404087
69,0.0026702878693333435,0.025031669242884674
326,0.00265010254228516,0.03373218122928301
242,0.0026430080879050293,0.043130834776998264
202,0.0026167240028074326,0.016574472852728884
167,0.0026160408490915952,0.02780000000000001
221,0.0026124488160411815,0.026377096346896837
(HA2)16,0.002609360738311368,0.027629457870407544
246,0.0025942840684024322,0.027855320316505682
310,0.0025831944849541563,0.018496813372911928
327,0.0025549854117021473,0.019298622645556696
-5,0.0025425740328259153,0.04830890662369239
312,0.002522648249923243,0.03687649058418241
319,0.0025225873933914164,0.025577040573937667
47,0.002517562400966863,0.02142278973537107
206,0.002513643346363812,0.01753602911379391
(HA2)160,0.0025068252785766564,0.027784823319791725
(HA2)64,0.0025001584545343487,0.04750301063615263
(HA2)205,0.0024975619680233257,0.030019974956604332
(HA2)172,0.002493552852394956,0.014197812818846148
(HA2)23,0.002443048972250153,0.018522717617232957
133,0.002414707912472275,0.025255139387130494
(HA2)219,0.0023859838813984615,0.025301818658768713
80,0.002348654915728817,0.03281914717808786
240,0.0023412203144928816,0.03616540336513445
(HA2)167,0.002330207365851727,0.02692484364312089
-3,0.0023262085405323903,0.02346305609747158
(HA2)161,0.0023230852393634547,0.020248692970991505
263,0.0023145765525340047,0.03984417410719235
(HA2)27,0.0023059299573723,0.02087560658826335
(HA2)190,0.002300680011742471,0.025687720303222587
193,0.0023006130455558633,0.015826048830032045
230,0.002291171740207944,0.01946
(HA2)69,0.002272197414183891,0.02103782638690514
(HA2)158,0.0022102517491146513,0.02018202611928446
-6,0.0021941143017592995,0.022232133130983333
223,0.0021884030211761995,0.0325044770929252
126,0.0021804610355418835,0.018964693954965434
(HA2)116,0.002178112485886326,0.022924599948568842
224,0.002161611587023712,0.03917516647604996
(HA2)151,0.00215629596194009,0.0179845079226619
196,0.002155319597724198,0.032849192214039535
(HA2)7,0.0021339003619694143,0.02977646849604035
311,0.002131331976636701,0.024341597139360908
102,0.002126559373915677,0.025909565489050452
249,0.0021222564878758624,0.028488436662113575
226,0.002113288450863424,0.020415990772065466
1,0.0021088407273168724,0.02899844869535
192,0.002106296514965764,0.02243374243598811
32,0.0021033303375653178,0.027651635018928204
(HA2)184,0.0020956011133435063,0.03460288187846022
58,0.0020811228526685013,0.03341708788568801
241,0.0020643762015757454,0.03113937447501378
(HA2)102,0.002063823154193704,0.02620702096850906
(HA2)206,0.0020566114807994335,0.03348758025004235
284,0.002045949024158434,0.021771273829631243
(HA2)129,0.00204179034484477,0.028868824705176887
84,0.002020283836821512,0.03511200215972771
154,0.0020097611165516976,0.014622838435799774
(HA2)63,0.0020048794496928986,0.029867311448343047
144,0.0020022184152161857,0.023749118606092457
(HA2)209,0.0020004948666865574,0.0219561420494211
213,0.001965496922445243,0.022676401946738967
(HA2)135,0.00196262509161434,0.027093261541233645
298,0.0019331272080729538,0.014738918077323141
299,0.0019331266481190823,0.02921915038908442
33,0.0019221536099481198,0.027079776381261574
(HA2)26,0.0019133420949000936,0.0292963556279428
(HA2)117,0.0019103604999692607,0.033516849499415954
(HA2)185,0.0019056104373404042,0.02867115022457409
56A,0.0018969855230728827,0.020890549037659963
78A,0.0018949530950384862,0.015067064390418588
93,0.0018907591617335388,0.025233816486142386
229,0.0018829386541365286,0.017439277320743903
(HA2)113,0.0018687031626713256,0.01676213016773532
(HA2)171,0.001850507249970753,0.01412292352423208
(HA2)56,0.0018456737370200658,0.031109744070515904
2,0.001789689194189361,0.013611250116218398
292,0.00178127750118304,0.016329128618084263
(HA2)125,0.0017788573080984589,0.03379828885387072
(HA2)178,0.001768449234213356,0.013899999999999996
197,0.0017647186336545403,0.01680596747035439
305,0.0017598235451548754,0.024964212040566782
(HA2)57,0.0017475325978333397,0.016814921276418364
96,0.00174505917850176,0.016159108363977544
(HA2)198,0.0017330765824241368,0.017379264102230268
(HA2)61,0.0017131830918097688,0.029952402986498188
(HA2)98,0.0017030102822511546,0.01795551662805792
(HA2)43,0.001702885440558417,0.023319114846051796
(HA2)11,0.0017012272724908088,0.029864286056731918
(HA2)187,0.001696532778993608,0.010376702726596142
(HA2)9,0.0016861591084575112,0.027794861591429052
262,0.0016740167361993085,0.015533846030174596
189,0.001665393416923968,0.014651369328593941
(HA2)140,0.0016619741063001903,0.022472139423740465
85,0.0016554958877147083,0.016651254638535125
(HA2)60,0.0016529889401097834,0.018387561103696614
127,0.0016469609888804377,0.028352051961383577
(HA2)109,0.0016195989379162775,0.02937254280758884
(HA2)73,0.0016010076359474737,0.019976760039114343
(HA2)188,0.001600942550875755,0.010730145333228743
314,0.001574588660512957,0.020354168610527346
(HA2)193,0.0015612491988264531,0.029423079692910716
177,0.0015597691058859438,0.014883872712879644
(HA2)199,0.0015572121019845266,0.023966086264387305
(HA2)143,0.001554618137583725,0.010282983166005857
107,0.0015516155708293288,0.019415477869835936
(HA2)194,0.0015384048826704493,0.017349937349062993
234,0.0015364971803239443,0.028822411535287532
(HA2)201,0.0015352422339844287,0.01785285312276629
67,0.0015223984866461185,0.026515485193942995
79,0.0014994190688695736,0.01611090812051815
137,0.0014980215380701305,0.012008400510677752
(HA2)39,0.0014954409347504936,0.012406809635626202
214,0.0014923719915819172,0.01795994886185254
205,0.001491512871059664,0.01092954340288756
164,0.001490634452679374,0.016415921654352728
235,0.0014900133273099798,0.021639581529708612
328,0.0014815167795374721,0.00959492089508518
322,0.0014794111560676327,0.011119999999999994
10,0.0014790854946582525,0.019501215183165752
(HA2)59,0.001467714441956283,0.02009463169750866
321,0.001441938954554265,0.012152626080193324
(HA2)36,0.0014273943761940004,0.014162941773025156
220,0.0014263828672056928,0.01205682960796602
(HA2)8,0.0014162975588602527,0.014671204850329272
(HA2)130,0.0014064566363715574,0.010927541953800086
289,0.0014011119802227264,0.01628340823264362
(HA2)92,0.0013986701906329938,0.013501531201764679
265,0.0013969686681633011,0.01857904916804193
131,0.0013833455250929448,0.015951838602780318
183,0.0013434194217538354,0.013737033858390597
18,0.0013243194400751792,0.012893321070948708
260,0.0013135399840180785,0.022003205076678477
295,0.0013098946242840615,0.01147521415069827
276,0.0013031930762714527,0.014050819623751463
101,0.0013023551082321514,0.016112468625255415
-4,0.0012844387370423993,0.014037546146452435
(HA2)128,0.0012838195100568627,0.013218153188843305
76,0.0012804891411761518,0.00885792340101563
257,0.0012760399951277487,0.012664607443298555
282,0.0012688804099421891,0.013137131114463865
70,0.0012683822648321098,0.010640944431595856
75,0.0012664153701349705,0.022555610853023978
64,0.0012609853815356835,0.013269093048533513
(HA2)134,0.0012583387454025332,0.023430965198338847
109,0.0012543812785414464,0.013933346439140407
155,0.0012541127409650833,0.007483386480041734
(HA2)22,0.0012523897035235522,0.010670235309054109
281,0.0012473086028688977,0.011825538528827045
277,0.0012383687614587382,0.012331964348065522
283,0.001238024174860058,0.009334143796047238
35,0.0012291545705359066,0.017228252157994638
(HA2)32,0.0012244763864653321,0.02326505134284131
(HA2)189,0.001208329089374015,0.010640379952116835
187,0.0011999520352253194,0.01430451921833193
253,0.0011941887405386498,0.016460077629383188
211,0.001189066086294689,0.01901943582317164
297,0.0011844484484946443,0.010378491041607419
(HA2)34,0.001174114593834744,0.011119999999999994
63,0.0011731223273853597,0.01806466903480208
52,0.0011706252319686515,0.01790275719121547
153,0.0011662750150854171,0.015049116454952542
(HA2)218,0.0011590955961099597,0.014233963931126914
(HA2)4,0.0011516902055832125,0.017536273542540646
24,0.0011512164031070055,0.008045806771929623
62,0.0011495848871903786,0.019062112856617196
306,0.0011443641902103136,0.019163942377008383
31,0.0011379888943770374,0.016463898083987964
(HA2)153,0.0011247586122143985,0.015798169571947292
(HA2)142,0.0011200411490381156,0.01596444020876806
87,0.001118012925114964,0.021242245577184318
7,0.0011120768254881193,0.02024828837562091
51,0.0011112649694665858,0.019317258085355376
169,0.0010978454713208438,0.02085906395509603
(HA2)76,0.0010974887617747403,0.020852286473720064
(HA2)96,0.001094521456535162,0.013840599420719104
(HA2)1,0.0010835094856821409,0.015225757233521327
(HA2)31,0.0010753138297573247,0.014377426311495477
(HA2)83,0.001070482509849136,0.018936144164390403
(HA2)177,0.0010666692065606942,0.019627080019337977
(HA2)95,0.001050448525182502,0.01601978627018814
(HA2)148,0.0010439189716271058,0.012560375158577278
(HA2)35,0.0010352869027701714,0.00895844625220021
(HA2)84,0.0010272674328501302,0.015407982744675596
176,0.00102711770640568,0.01738859078754965
309,0.0010255100482876776,0.009538076499239798
42,0.0010232579879845562,0.010742473248216717
(HA2)105,0.0010229117988401002,0.017518533282402517
49,0.001016289184892616,0.016636937600583955
237,0.0010050046650879477,0.007526638350571432
307,0.0009988925400436172,0.009473438267057863
216,0.0009973138041720188,0.00891514895502711
(HA2)176,0.00099130625878561,0.017335863004091755
119A,0.0009701336581554011,0.012872539504952624
(HA2)197,0.0009683341181923612,0.008557852753172134
92,0.0009672332422767284,0.00817324694658167
68,0.000962779873348944,0.009956675933765907
(HA2)186,0.00096259190201918,0.01072463721783468
179,0.0009559419162453239,0.012063126386665401
225,0.000954573783922333,0.007962064059310877
(HA2)72,0.0009508648939743216,0.011809162493462352
184,0.0009486838114705995,0.011757432759115546
16,0.0009456587324950111,0.010097024624477882
163,0.0009415918122334257,0.010611814970065959
288,0.0009403869857236278,0.010825958157376348
(HA2)65,0.0009340152059283037,0.01128399035473263
212,0.000925051652778088,0.009614545412672093
103,0.0009102241319369815,0.016430332261628877
72,0.0009077900602110868,0.013974302249307863
(HA2)149,0.0008920820254710085,0.01113545704983828
318,0.0008874236922003496,0.01071750997500117
(HA2)93,0.0008839717636198241,0.01201126652066728
268,0.0008835658936622753,0.014090142339964667
11,0.0008747393550219681,0.008685433564458202
(HA2)115,0.0008725772103327329,0.013983893352602264
25,0.0008710042133357451,0.015536374079873634
(HA2)126,0.0008684224086960373,0.013899999999999996
(HA2)168,0.0008577150124712792,0.015834514418281313
(HA2)144,0.0008534875691701285,0.007372513099516954
188,0.0008516120884055531,0.006892927357253581
27,0.0008498756962858105,0.011066934784903126
238,0.000839558895510001,0.006125669996606676
(HA2)170,0.0008358007663832164,0.011781552536813782
97,0.0008356426305277165,0.006805119942609912
247,0.0008285138490934275,0.006814855055078648
149,0.0008274712742668803,0.009970346502105255
48,0.0008220981252266057,0.012839864379305486
86,0.0008185067799198589,0.008906432198123294
26,0.0008104648739171639,0.0070938953922646715
(HA2)45,0.0008103626438907624,0.009063068056427929
105,0.0008047264780218692,0.013471116784396567
180,0.0007883905239204159,0.006886828576068142
168,0.0007873904422390851,0.012072431082735827
71,0.0007831859678963386,0.010802640446339998
(HA2)77,0.0007817382877304445,0.010293957842620834
(HA2)182,0.0007804848447680448,0.01482921205059285
(HA2)6,0.0007793549162561343,0.012473306757003644
115,0.0007714939755380862,0.006801537516142486
3,0.0007661869828342068,0.008573370323009442
(HA2)221,0.0007653101025255663,0.01454089194798576
36,0.0007651700145855935,0.014538230277126276
194,0.0007643985020838937,0.013811956208801233
141,0.000763140830570839,0.010811459369558588
208,0.0007613578597593024,0.008170787198881976
316,0.0007606887109416445,0.014453085507891244
136,0.0007543419772297292,0.011278089267334146
139,0.0007540416957379347,0.008463107882736416
74,0.0007463324501902413,0.00601577532029102
81,0.000743061946337013,0.01025212064862683
(HA2)137,0.0007419885467357308,0.005024721893586683
37,0.0007330993772601234,0.006648468372266944
77,0.0007317540751511068,0.01390332742787103
222,0.0007256271073533804,0.01304710253591694
(HA2)121,0.0007155424360863855,0.013595306285641325
38,0.0007094660724072773,0.007092366067382592
(HA2)217,0.0007052917806442325,0.0056684065904287
(HA2)215,0.0007028030860885415,0.007820975683989175
250,0.0006953347665091175,0.006605680281836616
106,0.0006867129392590144,0.007534465703909775
(HA2)30,0.0006852432004147508,0.005904004016210482
122,0.0006841725512969195,0.012999278474641471
130,0.0006767593849779836,0.009639090076863081
65,0.0006723697201768312,0.0057068879522680326
172,0.0006684863574860271,0.00737818927124546
200,0.0006652574715530358,0.004210347615845985
(HA2)152,0.0006636647108204212,0.005109123987379911
111,0.000661540306163806,0.010502834159880181
50,0.0006609581402496645,0.005942369567026675
(HA2)52,0.0006470576334316794,0.009866846750134186
251,0.0006451465430089529,0.0051201785904878006
(HA2)166,0.0006447241680907201,0.006487111088393258
(HA2)78,0.0006259301716195383,0.006487042803690286
239,0.0006116411065828257,0.007701521368174161
308,0.0006097275087230707,0.009551041503501747
30,0.0006096769557292325,0.009664027298758683
(HA2)86,0.0006029909258760578,0.006751315871336459
112,0.0006026302117363793,0.006456352986182995
203,0.0005891276068051876,0.011193424529298553
186,0.0005869545415813528,0.009574807833806542
(HA2)19,0.0005814983974574668,0.008323238690643633
290,0.0005802034959238255,0.0066629805796182065
279,0.0005800063839425827,0.005559999999999999
294,0.0005740937455516188,0.004298631877012286
327A,0.0005605959330438794,0.010651322727833708
173,0.0005603724222146964,0.009773040163685694
19,0.0005587389208430268,0.005382516160226374
15,0.0005586589345344501,0.005448205794908938
55,0.0005581471680925022,0.008538380531526647
301,0.0005464300591166461,0.0064213183088924625
41,0.0005449937255806842,0.0073411196477136086
6,0.0005437278425769228,0.008559091313014529
(HA2)44,0.0005421691253930556,0.00541408408520834
(HA2)132,0.0005407060398805843,0.009205559645726079
(HA2)37,0.0005394239022411279,0.009187994901637159
39,0.0005372218634533678,0.009301261454353338
(HA2)123,0.000531374615802928,0.007316117700255614
21,0.0005283419290244217,0.004467353364029845
(HA2)28,0.0005280709208939572,0.004363630013025126
(HA2)131,0.0005278692887847807,0.003747077338676113
(HA2)40,0.0005185141110298908,0.0065893383169974805
252,0.0005176824821854003,0.005576284920310082
20,0.0005036791891408942,0.004079665650915949
(HA2)58,0.0004990168784873044,0.009481320691258784
287,0.0004964793041909359,0.004395034353052805
83,0.0004959971068330926,0.006609019959668783
43,0.0004927740144706743,0.0028603593832947083
138,0.0004884167343514545,0.005327175231592266
128,0.0004862673983625638,0.0075294228747237735
88,0.0004859017433928091,0.009232133124463374
134,0.00047743697379285525,0.008448462419541544
(HA2)138,0.000476774642023445,0.006278718198445454
313,0.0004747130334392639,0.009019547635346015
(HA2)17,0.0004738103828215867,0.004643919821171721
161,0.0004736693486987268,0.006799900389942909
271,0.00046791625082524786,0.007456244304845025
(HA2)220,0.00046354775663746614,0.0037509337298672063
(HA2)139,0.00046149091217529716,0.005483880651928268
(HA2)127,0.00046129404777910387,0.00834
267,0.0004583271668539662,0.004046085672405827
(HA2)18,0.0004555644895222525,0.008655725300922797
-1,0.0004554118918157273,0.005929219383650465
(HA2)111,0.00045232825343058977,0.008594236815181181
-2,0.00045203425052224523,0.0036018366729941263
(HA2)122,0.0004516328155388361,0.008581023495237886
17,0.00044571810480888515,0.008468643991368818
228,0.00043994155415306004,0.005559999999999999
(HA2)145,0.00043929087211356984,0.004571017458867819
113,0.00043833851526920467,0.005265737200347037
(HA2)94,0.0004346438703332429,0.005821214746149012
233,0.00042084854025004005,0.006414631339137132
(HA2)50,0.0004166784439194085,0.007916890434468762
(HA2)103,0.00041636336474727725,0.006506230817256153
236,0.00041255039006772505,0.005042482735873908
59,0.00041246084256687127,0.00783675600877053
(HA2)88,0.00041184654614027287,0.004950996243682108
147,0.00040113884199084054,0.0043051251135974265
(HA2)66,0.0004001285664142528,0.0076024427618708035
(HA2)200,0.0004000503463757594,0.007368111260492215
93A,0.00039632303513786925,0.006038370474798653
258,0.00039520691156088564,0.007508931319656808
320,0.00039242100071602105,0.006971021402323363
12,0.0003917497944971605,0.006711578852300205
(HA2)5,0.00038282838368012455,0.005696044343624258
99,0.00038146310211840967,0.0039585914518628015
(HA2)133,0.0003811139695040286,0.0050566370670449
166,0.00036550384454208626,0.006891966967417423
(HA2)20,0.000364833244255228,0.006931831640849307
129,0.00036331405465408985,0.0069029670384276876
(HA2)162,0.00036307252718073796,0.00411837801643402
(HA2)203,0.0003625241992965276,0.004003997626673857
66,0.00035930619723939733,0.004046817747548531
254,0.00035853919813028866,0.003041655335549332
(HA2)2,0.000357180910869319,0.0045179821336159345
(HA2)191,0.00035631336373259816,0.004605175735246582
302,0.00035240810120307437,0.0049422166210592346
(HA2)13,0.0003514304169631262,0.0042730071509736595
317,0.0003483070379258392,0.003536851615622772
(HA2)216,0.0003433889725907498,0.006049884729971637
-9,0.0003356677517460317,0.00611627171466738
(HA2)146,0.0003311456349160114,0.004747189323076183
150,0.00033105314551185304,0.004252640646952518
270,0.0003309409031070805,0.006287877159034529
(HA2)118,0.0003265915925936851,0.0048028163338491615
90,0.0003249501746756228,0.003418422514434881
(HA2)54,0.00031988968590783906,0.006077904032248942
152,0.000319289495342958,0.006066500411516167
(HA2)74,0.0003183776893262706,0.004641551819628574
(HA2)90,0.0003144819692229145,0.003173923769765101
(HA2)202,0.0003062737283466372,0.004991269336756424
(HA2)53,0.00030039973980417915,0.005707595056279404
(HA2)222,0.0002978252456840325,0.0030369618735281746
(HA2)79,0.00029519384672682485,0.004167933129840474
110,0.0002930439857854944,0.003841074732809195
(HA2)157,0.00029263157894736857,0.0027800000000000012
(HA2)91,0.00028769001411870307,0.002601509725171005
108,0.0002839228889308735,0.0038650583172488324
(HA2)104,0.00028276800944911963,0.0027800000000000012
28,0.00028127197330053835,0.0034975403355491062
82,0.0002743920018401799,0.0026988578182686983
(HA2)62,0.00027360505518163536,0.00409954214491123
(HA2)173,0.00027110084494782463,0.0036097302014635145
190,0.00026996662059898774,0.005129365791380767
(HA2)101,0.0002633546265887994,0.004844993088678393
54,0.00025885645356376816,0.0020412952859325054
(HA2)82,0.0002545604696637211,0.004836648923610663
34,0.0002471132587924405,0.00237099113162903
(HA2)192,0.00023377676714615567,0.0038185331224792375
(HA2)29,0.0002296539391509664,0.004363424843868327
(HA2)163,0.00022545504757027644,0.003212289669939989
(HA2)106,0.00022284574005401582,0.002227153628116863
119C,0.00022224373755815497,0.0042226310136049446
120,0.00022183051050744568,0.004214779699641468
116,0.00021467368813531283,0.002060935232759069
296,0.00021365330448850492,0.0023637911966636303
(HA2)55,0.00021232432352685758,0.0022914991573376
151,0.00020979182659091553,0.003858812581743542
(HA2)110,0.00020719822089136807,0.003936766196935993
(HA2)195,0.00020449453234533947,0.00388539611456145
191,0.0001916612639136501,0.0016344383861514166
44,0.00018612058030117066,0.0032655744035101214
23,0.00017551334696665685,0.0033347535923664573
91,0.00017434533917014839,0.0033125614442328193
256,0.00015951643584033394,0.0015491646696132143
(HA2)119,0.00015908060018691986,0.0027799999999999978
(HA2)141,0.00015777201266687824,0.002518406692839696
22,0.00015410877436067174,0.002928066712852742
273,0.00015341220286766406,0.0029148318544856104
(HA2)15,0.00014761865676145164,0.0026962914641727904
243,0.00014631578947368537,0.0027799999999999978
89,0.00014631578947368429,0.0027800000000000012
(HA2)87,0.00014631578947368429,0.0027800000000000012
121,0.0001463157894736841,0.0027799999999999978
195,0.00014350089994680365,0.0027265170989892694
(HA2)120,0.00013752851724843494,0.0020529336263727174
100,0.0001287807520353641,0.002446834288671918
182,0.00012674754784237086,0.0024082034090050462
73,0.00012365604968492215,0.001346134698433846
53,0.00011502063367300409,0.0021853920397870777
14,0.00010727025050282978,0.0018196950821078271
(HA2)71,9.177767088677845e-05,0.0014070834534272523
(HA2)75,8.87316187592819e-05,0.0014393674679589394
29,8.641400681238028e-05,0.0016418661294352061
98,8.57305762851211e-05,0.0016288809494172784
171,8.562638562914951e-05,0.0016269013269538408
(HA2)210,8.415523989738016e-05,0.0015989495580502073
209,7.806147646023665e-05,0.0014831680527444841
185,7.805642204162584e-05,0.0014830720187908666
(HA2)51,7.568997772936982e-05,0.0014381095768580265
(HA2)68,7.540723400079016e-05,0.001432737446015013
(HA2)41,6.993514203628848e-05,0.001328767698689481
5,5.86549057205038e-05,0.0011144432086895723
244,5.556597794729717e-05,0.0009706715668891704
204,4.431917292785569e-05,0.0008420642856292321
(HA2)89,4.09348233046481e-05,0.00048057800474687537
119,3.715684459029408e-05,0.0007059800472155875
(HA2)85,3.448757101155336e-05,0.0006552638492195138
(HA2)100,3.405316751847195e-05,0.00030006039831836917
324,3.322866712062501e-05,0.0006313446752918752
119B,3.245075194440762e-05,0.0006165642869437205
(HA2)196,2.1699421729481313e-05,0.00041228901286014495
201,1.9633754888591042e-05,0.0003730413428832298
114,1.8766418761239605e-05,0.0003565619564635525
170,1.3011671421635759e-05,0.0002472217570110794
(HA2)48,1.276234436975087e-05,0.00024248454302526652
(HA2)165,9.988890905006084e-06,0.0001897889271951156
(HA2)80,9.353147941900463e-06,0.0001777098108961088
117,3.093300565060296e-06,5.8772710736135214e-05
(HA2)12,2.9825421084574144e-06,3.312233207114837e-05
(HA2)3,1.2782172980881736e-18,1.734723475976807e-18
232,1.0956148269327202e-18,1.734723475976807e-18
(HA2)159,2.7390370673318005e-19,1.734723475976807e-18
13,0.0,0.0
(HA2)204,0.0,0.0
61,0.0,0.0
248,0.0,0.0
(HA2)107,0.0,0.0
(HA2)114,0.0,0.0
(HA2)81,0.0,0.0
215,0.0,0.0
(HA2)136,0.0,0.0
(HA2)97,0.0,0.0
(HA2)99,0.0,0.0
(HA2)108,0.0,0.0
